{
  "analytic_chi2": 1.2863315398790929,
  "analytic_npar": 5,
  "analytic_minMass": 405.0,
  "variable": "Mjb",
  "analytic_param": {
    "p0": 3.147026099719936,
    "p1": 19.069715628224348,
    "p2": -1.6690073924380897,
    "p3": 0.6793023510877916,
    "p4": 0.1459991097877739
  },
  "pull_KSprob": 0.6147337725267638,
  "pull_ShapiroWilk": 0.983925712595616,
  "pull_GausMean": 0.17764905470245723,
  "pull_GausMeanErr": 0.12480256725888354,
  "pull_GausSigma": 1.0126520712256688,
  "pull_GausSigmaErr": 0.1305955494362584,
  "pull_chi2": 0.8981151043765657,
  "pull_chi2prob": 0.5855191868531497,
  "hist_Kurtosis": 1.2404095271723614,
  "hist_Kurtosis_err": 0.5107539184552492,
  "hist_Skewness": -0.32388073061345596,
  "hist_Skewness_err": 0.2553769592276246
}