{
  "analytic_chi2": 0.9663463855793962,
  "analytic_npar": 5,
  "analytic_minMass": 405.0,
  "variable": "Mbe",
  "analytic_param": {
    "p0": 4.035204362151505e+30,
    "p1": 113.08918812560242,
    "p2": 49.047200572161586,
    "p3": 13.543201066398616,
    "p4": 1.2581406172917722
  },
  "pull_KSprob": 0.12480452912556773,
  "pull_ShapiroWilk": 0.9738192854072745,
  "pull_GausMean": 0.24400120964514163,
  "pull_GausMeanErr": 0.17260871101678252,
  "pull_GausSigma": 1.0866874592186797,
  "pull_GausSigmaErr": 0.18375297468484947,
  "pull_chi2": 0.9161295623670336,
  "pull_chi2prob": 0.5402828496097982,
  "hist_Kurtosis": -0.48260327386369495,
  "hist_Kurtosis_err": 0.5855400437691199,
  "hist_Skewness": -0.3369474028830161,
  "hist_Skewness_err": 0.29277002188455997
}