{
  "analytic_chi2": 0.9540523414546924,
  "analytic_npar": 4,
  "analytic_minMass": 405.0,
  "variable": "Mjm",
  "analytic_param": {
    "p0": 0.003846181113768005,
    "p1": 16.799807879211425,
    "p2": -6.315059699129506,
    "p3": -0.7010263588569714
  },
  "pull_KSprob": 0.34930468500713974,
  "pull_ShapiroWilk": 0.9451330173400837,
  "pull_GausMean": 0.2673447853837854,
  "pull_GausMeanErr": 0.10916256651083707,
  "pull_GausSigma": 0.7424880530216844,
  "pull_GausSigmaErr": 0.1346205769747843,
  "pull_chi2": 0.7775267891838826,
  "pull_chi2prob": 0.7043446592337859,
  "hist_Kurtosis": 1.2190085590730098,
  "hist_Kurtosis_err": 0.5477225575051661,
  "hist_Skewness": -0.9262990180711934,
  "hist_Skewness_err": 0.27386127875258304
}