{
  "analytic_chi2": 0.9540539419729576,
  "analytic_npar": 4,
  "analytic_minMass": 405.0,
  "variable": "Mjm",
  "analytic_param": {
    "p0": 0.003850016971135061,
    "p1": 16.801515846354143,
    "p2": -6.314540676038973,
    "p3": -0.7009545604188006
  },
  "pull_KSprob": 0.34930468500713974,
  "pull_ShapiroWilk": 0.9451727858861961,
  "pull_GausMean": 0.267345776467906,
  "pull_GausMeanErr": 0.1091622212880328,
  "pull_GausSigma": 0.7425047104536734,
  "pull_GausSigmaErr": 0.13463006373190367,
  "pull_chi2": 0.7775267922981741,
  "pull_chi2prob": 0.7043446557562721,
  "hist_Kurtosis": 1.2185578408146558,
  "hist_Kurtosis_err": 0.5477225575051661,
  "hist_Skewness": -0.9260416391156624,
  "hist_Skewness_err": 0.27386127875258304
}