{
  "analytic_chi2": 1.1152413279311866,
  "analytic_npar": 5,
  "analytic_minMass": 405.0,
  "variable": "Mbb",
  "analytic_param": {
    "p0": 1.882970769238274e-28,
    "p1": 1.7807555430238153e-06,
    "p2": -57.68666315728321,
    "p3": -17.653795026573622,
    "p4": -1.8901805872360582
  },
  "pull_KSprob": 0.33732422889357444,
  "pull_ShapiroWilk": 0.9706150232282968,
  "pull_GausMean": 0.5100979876458392,
  "pull_GausMeanErr": 0.18401354961986718,
  "pull_GausSigma": 1.0487415848866015,
  "pull_GausSigmaErr": 0.2418932189712295,
  "pull_chi2": 0.5628144877696116,
  "pull_chi2prob": 0.8955136977960064,
  "hist_Kurtosis": -0.3435584144463988,
  "hist_Kurtosis_err": 0.6729265849104531,
  "hist_Skewness": -0.4362290371791375,
  "hist_Skewness_err": 0.33646329245522655
}