{
  "analytic_chi2": 1.3051676256398448,
  "analytic_npar": 5,
  "analytic_minMass": 405.0,
  "variable": "Mbm",
  "analytic_param": {
    "p0": 2303881.4830192644,
    "p1": 66.59723196531408,
    "p2": 4.469280329472397,
    "p3": 0.19610115918055016,
    "p4": -0.11930078668586151
  },
  "pull_KSprob": 0.0019450575412778832,
  "pull_ShapiroWilk": 0.9651392399672795,
  "pull_GausMean": 0.6505564358803262,
  "pull_GausMeanErr": 0.14494353408171695,
  "pull_GausSigma": 0.7403827158878203,
  "pull_GausSigmaErr": 0.2639015261359898,
  "pull_chi2": 1.2029234585207778,
  "pull_chi2prob": 0.25607413452042505,
  "hist_Kurtosis": 1.0877109829625038,
  "hist_Kurtosis_err": 0.5897678246195885,
  "hist_Skewness": -0.7669830529438244,
  "hist_Skewness_err": 0.29488391230979427
}