{
  "analytic_chi2": 1.2875713859774887,
  "analytic_npar": 5,
  "analytic_minMass": 405.0,
  "variable": "Mjm",
  "analytic_param": {
    "p0": 1.7561742211465513e+37,
    "p1": 122.3652957325172,
    "p2": 61.26518851482891,
    "p3": 16.95562640480904,
    "p4": 1.6352876088524133
  },
  "pull_KSprob": 0.0016346348896096627,
  "pull_ShapiroWilk": 0.9289431673710732,
  "pull_GausMean": 0.36569180748271707,
  "pull_GausMeanErr": 0.19312606857187534,
  "pull_GausSigma": 1.0917679873844708,
  "pull_GausSigmaErr": 0.2378063069829739,
  "pull_chi2": 1.4120790769460723,
  "pull_chi2prob": 0.1311395664686918,
  "hist_Kurtosis": 0.9112613004971957,
  "hist_Kurtosis_err": 0.5547001962252291,
  "hist_Skewness": -1.0255261880011888,
  "hist_Skewness_err": 0.2773500981126146
}