{
  "analytic_chi2": 0.7099702926416843,
  "analytic_npar": 4,
  "analytic_minMass": 405.0,
  "variable": "Mbb",
  "analytic_param": {
    "p0": 1.1786563161501316,
    "p1": 26.839290687981077,
    "p2": -1.4638663056881853,
    "p3": 0.050710176713039345
  },
  "pull_KSprob": 0.1626861907839029,
  "pull_ShapiroWilk": 0.9812806061439505,
  "pull_GausMean": 0.15639316580443438,
  "pull_GausMeanErr": 0.11946838771912943,
  "pull_GausSigma": 0.8834447725013759,
  "pull_GausSigmaErr": 0.10732051957209532,
  "pull_chi2": 0.2065196603355405,
  "pull_chi2prob": 0.9982399180158676,
  "hist_Kurtosis": -0.21027905959356463,
  "hist_Kurtosis_err": 0.5773502691896257,
  "hist_Skewness": -0.32441361071559777,
  "hist_Skewness_err": 0.28867513459481287
}