{
  "analytic_chi2": 1.5555359708069307,
  "analytic_npar": 4,
  "analytic_minMass": 405.0,
  "variable": "Mjm",
  "analytic_param": {
    "p0": 248.04158111297338,
    "p1": 38.3357274036239,
    "p2": 0.20114995966480365,
    "p3": 0.13324691129032118
  },
  "pull_KSprob": 1.4508592122419334e-05,
  "pull_ShapiroWilk": 0.9102867124036202,
  "pull_GausMean": 0.8762586419000923,
  "pull_GausMeanErr": 0.13868584861938027,
  "pull_GausSigma": 0.8544208252731419,
  "pull_GausSigmaErr": 0.2657821691856777,
  "pull_chi2": 1.4964225773698143,
  "pull_chi2prob": 0.09076212931709599,
  "hist_Kurtosis": 2.2257382257724707,
  "hist_Kurtosis_err": 0.5547001962252291,
  "hist_Skewness": -1.2374105803002744,
  "hist_Skewness_err": 0.2773500981126146
}