{
  "analytic_chi2": 1.111753354983798,
  "analytic_npar": 4,
  "analytic_minMass": 405.0,
  "variable": "Mje",
  "analytic_param": {
    "p0": 0.017664451084432632,
    "p1": 5.336762078834156,
    "p2": -4.48481669498166,
    "p3": -0.46693756189367974
  },
  "pull_KSprob": 0.3043592814899476,
  "pull_ShapiroWilk": 0.9519567246712479,
  "pull_GausMean": 0.3229950767723609,
  "pull_GausMeanErr": 0.11416669014835512,
  "pull_GausSigma": 0.9316328455275993,
  "pull_GausSigmaErr": 0.14712030398532344,
  "pull_chi2": 0.8068601829429848,
  "pull_chi2prob": 0.6870497113824244,
  "hist_Kurtosis": 0.5680883521099975,
  "hist_Kurtosis_err": 0.5026246899500346,
  "hist_Skewness": -0.8337386557401326,
  "hist_Skewness_err": 0.2513123449750173
}