{
  "analytic_chi2": 1.0524961208811494,
  "analytic_npar": 6,
  "analytic_minMass": 405.0,
  "variable": "Mje",
  "analytic_param": {
    "p0": 6.536727564211288e-09,
    "p1": 1.5171752743015077e-08,
    "p2": -27.23112617190729,
    "p3": -12.782254685028494,
    "p4": -3.1311434840585552,
    "p5": -0.30194805038762773
  },
  "pull_KSprob": 0.7923317774761806,
  "pull_ShapiroWilk": 0.9902509104261632,
  "pull_GausMean": 9.670512159673302e-05,
  "pull_GausMeanErr": 0.16778115429409246,
  "pull_GausSigma": 1.193179210269382,
  "pull_GausSigmaErr": 0.16649690318113708,
  "pull_chi2": 0.7455967725092317,
  "pull_chi2prob": 0.7488151415080891,
  "hist_Kurtosis": -0.19797172542507857,
  "hist_Kurtosis_err": 0.48507125007266594,
  "hist_Skewness": -0.17308986382750097,
  "hist_Skewness_err": 0.24253562503633297
}