{
  "analytic_chi2": 1.3039518767531413,
  "analytic_npar": 6,
  "analytic_minMass": 405.0,
  "variable": "Mjb",
  "analytic_param": {
    "p0": 71362041.51235564,
    "p1": 30.679397237977636,
    "p2": 16.49972657647237,
    "p3": 8.827751372979975,
    "p4": 1.8836369296639235,
    "p5": 0.14415058344896395
  },
  "pull_KSprob": 0.5375012602788612,
  "pull_ShapiroWilk": 0.977554977186115,
  "pull_GausMean": 0.3467252774716552,
  "pull_GausMeanErr": 0.11421338737156563,
  "pull_GausSigma": 0.8947785491089475,
  "pull_GausSigmaErr": 0.15244017115195763,
  "pull_chi2": 1.132020678860267,
  "pull_chi2prob": 0.3067939048192646,
  "hist_Kurtosis": 1.3333417952999147,
  "hist_Kurtosis_err": 0.5107539184552492,
  "hist_Skewness": -0.4822200573003068,
  "hist_Skewness_err": 0.2553769592276246
}