{
  "analytic_chi2": 0.8867701441077638,
  "analytic_npar": 6,
  "analytic_minMass": 405.0,
  "variable": "Mjj",
  "analytic_param": {
    "p0": 2.616755210896563e-07,
    "p1": 1.7672530105983242e-07,
    "p2": -16.78891557881778,
    "p3": -5.926142766332816,
    "p4": -1.2589281528049383,
    "p5": -0.11594873944182273
  },
  "pull_KSprob": 0.9994259353323126,
  "pull_ShapiroWilk": 0.987040365526026,
  "pull_GausMean": 0.12496859800154139,
  "pull_GausMeanErr": 0.1502020735038037,
  "pull_GausSigma": 1.0200035398903378,
  "pull_GausSigmaErr": 0.14435968705780633,
  "pull_chi2": 0.603995747011799,
  "pull_chi2prob": 0.8743627581252605,
  "hist_Kurtosis": -0.33183767219260263,
  "hist_Kurtosis_err": 0.508000508000762,
  "hist_Skewness": -0.10335785105435805,
  "hist_Skewness_err": 0.254000254000381
}