,region,p,chi2,Pull_mu,Pull_deltamu,Pull_sigma,Pull_deltasigma,Pull_chi2,Pull_KS,Pull_Shapiro
$\Mjj$,20 pb,6,0.9587356322302492,0.24802373300287006,0.1535785474922326,1.0368283957510978,0.1687954054180572,1.0240013796167167,0.9912723431704675,0.9777150956310414
$\Mjb$,20 pb,6,1.281120725871737,0.1355244776614808,0.12600390103703224,1.018146311249095,0.14062238652442516,0.7384194832777735,0.7856616963241553,0.9815966713641342
$\Mbb$,20 pb,6,1.2460564946880135,0.1262150412901496,0.3172410998699386,1.5648655232178044,0.3762842081339607,1.878865331761443,0.030365168810372697,0.9589285515737266
$\Mje$,20 pb,6,1.0524961208811494,9.670512159673302e-05,0.16778115429409246,1.193179210269382,0.16649690318113708,0.7455967725092317,0.7923317774761806,0.9902509104261632
$\Mjm$,20 pb,6,0.9677634123076696,0.11545296061212734,0.17776536926069775,1.1479950898784042,0.1856843330525414,1.443809172674881,0.8644773709526656,0.9772909186000382
$\Mjg$,20 pb,6,0.9501101071407203,0.2180550448027216,0.10887566702370893,0.8460020358166352,0.10662464931505922,1.128962986043241,0.37920009862701726,0.9661738945306668
$\Mbe$,20 pb,6,0.8822721561505721,0.5378002692696973,0.3549818087193214,1.3571645868869928,0.2948076303187068,0.6063371655955997,0.6105616695376185,0.9683045617882813
$\Mbm$,20 pb,6,1.1117542318645257,0.25218684097146865,0.20312985810215425,1.177482171809757,0.22557432903497387,1.1738827038731934,0.2306901633073427,0.9853833740868466
$\Mbg$,20 pb,6,0.7121153657925499,0.3523428107236384,0.19862160464590786,1.1243310196679868,0.23037711569224695,0.6766208762926341,0.5094228102627004,0.9646234588705088
