{
  "analytic_chi2": 0.9877337688645305,
  "analytic_npar": 6,
  "analytic_minMass": 405.0,
  "variable": "Mbe",
  "analytic_param": {
    "p0": 206884619.32896566,
    "p1": 72.56802690097763,
    "p2": -1.1461220398688852,
    "p3": -7.041164677690702,
    "p4": -2.7926985119198773,
    "p5": -0.31406448733193904
  },
  "pull_KSprob": 0.12480452912556773,
  "pull_ShapiroWilk": 0.9773188409083834,
  "pull_GausMean": 0.25388824288321526,
  "pull_GausMeanErr": 0.15705752736685877,
  "pull_GausSigma": 1.059844388302305,
  "pull_GausSigmaErr": 0.15417034377237243,
  "pull_chi2": 0.751299670066539,
  "pull_chi2prob": 0.7332668536929601,
  "hist_Kurtosis": -0.6412632141492138,
  "hist_Kurtosis_err": 0.5855400437691199,
  "hist_Skewness": -0.30562595546278126,
  "hist_Skewness_err": 0.29277002188455997
}