{
  "analytic_chi2": 0.7121153657925499,
  "analytic_npar": 6,
  "analytic_minMass": 405.0,
  "variable": "Mbg",
  "analytic_param": {
    "p0": 1.5601773947012546e-18,
    "p1": 3.590350239335294e-08,
    "p2": -53.57756944104732,
    "p3": -27.610214927005497,
    "p4": -7.01528886373807,
    "p5": -0.6860314675573915
  },
  "pull_KSprob": 0.5094228102627004,
  "pull_ShapiroWilk": 0.9646234588705088,
  "pull_GausMean": 0.3523428107236384,
  "pull_GausMeanErr": 0.19862160464590786,
  "pull_GausSigma": 1.1243310196679868,
  "pull_GausSigmaErr": 0.23037711569224695,
  "pull_chi2": 0.6766208762926341,
  "pull_chi2prob": 0.7473165411620478,
  "hist_Kurtosis": -0.6992427288629024,
  "hist_Kurtosis_err": 0.5855400437691199,
  "hist_Skewness": -0.2944178025684777,
  "hist_Skewness_err": 0.29277002188455997
}