{
  "analytic_chi2": 0.936243812904866,
  "analytic_npar": 6,
  "analytic_minMass": 405.0,
  "variable": "Mbe",
  "analytic_param": {
    "p0": 2745647408320.786,
    "p1": 46.76767325149045,
    "p2": 18.40683155765825,
    "p3": 4.800430563715693,
    "p4": 0.13932711286494492,
    "p5": -0.06180500479229757
  },
  "pull_KSprob": 0.19983968507705052,
  "pull_ShapiroWilk": 0.9710812429030795,
  "pull_GausMean": -0.056724064027643004,
  "pull_GausMeanErr": 0.24562869965141562,
  "pull_GausSigma": 1.218608418262673,
  "pull_GausSigmaErr": 0.2538200477735136,
  "pull_chi2": 1.948753959576575,
  "pull_chi2prob": 0.017687626461491603,
  "hist_Kurtosis": -0.7347566307686972,
  "hist_Kurtosis_err": 0.5410017808004594,
  "hist_Skewness": -0.21989012176723474,
  "hist_Skewness_err": 0.2705008904002297
}