{
  "analytic_chi2": 1.2460564946880135,
  "analytic_npar": 6,
  "analytic_minMass": 405.0,
  "variable": "Mbb",
  "analytic_param": {
    "p0": 3.9567656226225415e-23,
    "p1": 1.9828583219805296e-08,
    "p2": -61.04244111914815,
    "p3": -27.642619640996784,
    "p4": -6.182858884265499,
    "p5": -0.5389001109716357
  },
  "pull_KSprob": 0.030365168810372697,
  "pull_ShapiroWilk": 0.9589285515737266,
  "pull_GausMean": 0.1262150412901496,
  "pull_GausMeanErr": 0.3172410998699386,
  "pull_GausSigma": 1.5648655232178044,
  "pull_GausSigmaErr": 0.3762842081339607,
  "pull_chi2": 1.878865331761443,
  "pull_chi2prob": 0.017684147556273743,
  "hist_Kurtosis": 0.8077773623968292,
  "hist_Kurtosis_err": 0.565685424949238,
  "hist_Skewness": -0.7206863609019096,
  "hist_Skewness_err": 0.282842712474619
}