{
  "analytic_chi2": 0.9587356322302492,
  "analytic_npar": 6,
  "analytic_minMass": 405.0,
  "variable": "Mjj",
  "analytic_param": {
    "p0": 101.51827501268632,
    "p1": 17.23193787175614,
    "p2": 0.4388214421384049,
    "p3": 0.8318201069116071,
    "p4": 0.029080571124157892,
    "p5": -0.018674901538425805
  },
  "pull_KSprob": 0.9912723431704675,
  "pull_ShapiroWilk": 0.9777150956310414,
  "pull_GausMean": 0.24802373300287006,
  "pull_GausMeanErr": 0.1535785474922326,
  "pull_GausSigma": 1.0368283957510978,
  "pull_GausSigmaErr": 0.1687954054180572,
  "pull_chi2": 1.0240013796167167,
  "pull_chi2prob": 0.4258085610058982,
  "hist_Kurtosis": 0.12433112176876548,
  "hist_Kurtosis_err": 0.497416003373807,
  "hist_Skewness": -0.3082492482007473,
  "hist_Skewness_err": 0.2487080016869035
}