{
  "analytic_chi2": 1.1656958198641736,
  "analytic_npar": 6,
  "analytic_minMass": 405.0,
  "variable": "Mje",
  "analytic_param": {
    "p0": 2.5303246349760104e-16,
    "p1": 2.5722757257540252e-08,
    "p2": -41.36120139134385,
    "p3": -17.41554197612201,
    "p4": -3.775481530381382,
    "p5": -0.3288877889927386
  },
  "pull_KSprob": 0.2932465499167849,
  "pull_ShapiroWilk": 0.9816352825076353,
  "pull_GausMean": -0.0009601190399092608,
  "pull_GausMeanErr": 0.2735736800007555,
  "pull_GausSigma": 1.3041674591650942,
  "pull_GausSigmaErr": 0.3185363324877344,
  "pull_chi2": 1.192807667445259,
  "pull_chi2prob": 0.26837988613160996,
  "hist_Kurtosis": -0.4053480847507607,
  "hist_Kurtosis_err": 0.5410017808004594,
  "hist_Skewness": -0.19156899851730294,
  "hist_Skewness_err": 0.2705008904002297
}