{
  "analytic_chi2": 0.9677634123076696,
  "analytic_npar": 6,
  "analytic_minMass": 405.0,
  "variable": "Mjm",
  "analytic_param": {
    "p0": 5.680710528081611e-13,
    "p1": 7.546474556363592e-07,
    "p2": -28.849872197664823,
    "p3": -9.947106452875204,
    "p4": -1.8284297273256558,
    "p5": -0.14205054670745812
  },
  "pull_KSprob": 0.8644773709526656,
  "pull_ShapiroWilk": 0.9772909186000382,
  "pull_GausMean": 0.11545296061212734,
  "pull_GausMeanErr": 0.17776536926069775,
  "pull_GausSigma": 1.1479950898784042,
  "pull_GausSigmaErr": 0.1856843330525414,
  "pull_chi2": 1.443809172674881,
  "pull_chi2prob": 0.11711436051303487,
  "hist_Kurtosis": 0.23130036771893403,
  "hist_Kurtosis_err": 0.5477225575051661,
  "hist_Skewness": -0.4533124239339201,
  "hist_Skewness_err": 0.27386127875258304
}