{
  "analytic_chi2": 1.1467079458747562,
  "analytic_npar": 6,
  "analytic_minMass": 405.0,
  "variable": "Mje",
  "analytic_param": {
    "p0": 2.7635750567289403e-09,
    "p1": 7.461253836993365e-08,
    "p2": -28.724622411711323,
    "p3": -13.667034743089186,
    "p4": -3.337756033944683,
    "p5": -0.3218302301718674
  },
  "pull_KSprob": 0.7923317774761787,
  "pull_ShapiroWilk": 0.9901264283698459,
  "pull_GausMean": 0.20850048767076504,
  "pull_GausMeanErr": 0.14762411936308842,
  "pull_GausSigma": 1.117575189062987,
  "pull_GausSigmaErr": 0.16831031041388766,
  "pull_chi2": 1.1270390608842162,
  "pull_chi2prob": 0.32198997485940245,
  "hist_Kurtosis": -0.30244497740713694,
  "hist_Kurtosis_err": 0.48507125007266594,
  "hist_Skewness": -0.20999458122237064,
  "hist_Skewness_err": 0.24253562503633297
}