{
  "analytic_chi2": 0.9723326149574176,
  "analytic_npar": 6,
  "analytic_minMass": 405.0,
  "variable": "Mjm",
  "analytic_param": {
    "p0": 3.078845816806988e-13,
    "p1": 8.503719950425648e-07,
    "p2": -29.806573698422483,
    "p3": -10.497510436021209,
    "p4": -1.9669421019437732,
    "p5": -0.15493723092264974
  },
  "pull_KSprob": 0.8644773709526656,
  "pull_ShapiroWilk": 0.9760103489059531,
  "pull_GausMean": -0.13560855503239277,
  "pull_GausMeanErr": 0.16588390648646562,
  "pull_GausSigma": 0.9678761139408391,
  "pull_GausSigmaErr": 0.23338616315148453,
  "pull_chi2": 1.7703610425844454,
  "pull_chi2prob": 0.03257450386307447,
  "hist_Kurtosis": 0.299338135756964,
  "hist_Kurtosis_err": 0.5477225575051661,
  "hist_Skewness": -0.5072742625095623,
  "hist_Skewness_err": 0.27386127875258304
}