{
  "analytic_chi2": 0.952600987696788,
  "analytic_npar": 6,
  "analytic_minMass": 405.0,
  "variable": "Mjj",
  "analytic_param": {
    "p0": 4.097169596970064e-09,
    "p1": 1.5277223930354467e-08,
    "p2": -23.19526945038129,
    "p3": -9.074331107432446,
    "p4": -1.9557046765136745,
    "p5": -0.17509313018103276
  },
  "pull_KSprob": 0.6707263445224203,
  "pull_ShapiroWilk": 0.9767930415739896,
  "pull_GausMean": 0.1538074031305585,
  "pull_GausMeanErr": 0.14239439601879675,
  "pull_GausSigma": 1.0965907321645143,
  "pull_GausSigmaErr": 0.12793109356729815,
  "pull_chi2": 0.7793707935866024,
  "pull_chi2prob": 0.7022839666491896,
  "hist_Kurtosis": -0.024640765640808304,
  "hist_Kurtosis_err": 0.5026246899500346,
  "hist_Skewness": -0.39957817154007796,
  "hist_Skewness_err": 0.2513123449750173
}