{
  "analytic_chi2": 0.995693100807242,
  "analytic_npar": 6,
  "analytic_minMass": 405.0,
  "variable": "Mbb",
  "analytic_param": {
    "p0": 0.0001271075977703278,
    "p1": 5.284117587933679e-07,
    "p2": -16.42272228081076,
    "p3": -15.352779541578208,
    "p4": -5.935476945552601,
    "p5": -0.7430069002116336
  },
  "pull_KSprob": 0.026333611412710005,
  "pull_ShapiroWilk": 0.9193221067591204,
  "pull_GausMean": 0.009781844666111499,
  "pull_GausMeanErr": 0.21721861561291655,
  "pull_GausSigma": 1.0459478104993085,
  "pull_GausSigmaErr": 0.2636371185842612,
  "pull_chi2": 1.3458863035939013,
  "pull_chi2prob": 0.18443369334052753,
  "hist_Kurtosis": 2.494740323858146,
  "hist_Kurtosis_err": 0.6729265849104531,
  "hist_Skewness": -1.122333872036979,
  "hist_Skewness_err": 0.33646329245522655
}