{
  "analytic_chi2": 1.2890979909080083,
  "analytic_npar": 6,
  "analytic_minMass": 405.0,
  "variable": "Mje",
  "analytic_param": {
    "p0": 3.1729477509636155,
    "p1": 29.781107128621365,
    "p2": -5.764341569058558,
    "p3": -3.271217756127939,
    "p4": -1.070043960442027,
    "p5": -0.12489229450217107
  },
  "pull_KSprob": 0.5639137940246044,
  "pull_ShapiroWilk": 0.9856608790091586,
  "pull_GausMean": 0.21022195188571283,
  "pull_GausMeanErr": 0.14445262780460918,
  "pull_GausSigma": 1.0685140292100106,
  "pull_GausSigmaErr": 0.18631687927458462,
  "pull_chi2": 0.8671165864525715,
  "pull_chi2prob": 0.6141322786604633,
  "hist_Kurtosis": 0.1248873090253535,
  "hist_Kurtosis_err": 0.5410017808004594,
  "hist_Skewness": -0.19436508021912152,
  "hist_Skewness_err": 0.2705008904002297
}