{
  "analytic_chi2": 0.7328500078812361,
  "analytic_npar": 6,
  "analytic_minMass": 405.0,
  "variable": "Mbg",
  "analytic_param": {
    "p0": 1.9355729512123004e-20,
    "p1": 2.192190873273603e-08,
    "p2": -59.82907355379917,
    "p3": -31.02506693830533,
    "p4": -7.907076520938001,
    "p5": -0.7852496561983449
  },
  "pull_KSprob": 0.684117066509909,
  "pull_ShapiroWilk": 0.9739153855832979,
  "pull_GausMean": 0.020817647339173035,
  "pull_GausMeanErr": 0.2779820867962847,
  "pull_GausSigma": 1.1991505902265593,
  "pull_GausSigmaErr": 0.30751513445240497,
  "pull_chi2": 1.0105170537867634,
  "pull_chi2prob": 0.4336228801010142,
  "hist_Kurtosis": -0.5102333101605772,
  "hist_Kurtosis_err": 0.5855400437691199,
  "hist_Skewness": 0.032620560519153324,
  "hist_Skewness_err": 0.29277002188455997
}