{
  "analytic_chi2": 1.0435662122926639,
  "analytic_npar": 6,
  "analytic_minMass": 405.0,
  "variable": "Mjj",
  "analytic_param": {
    "p0": 5.248401025707735e-09,
    "p1": 0.0007472945806608067,
    "p2": -22.755585325233426,
    "p3": -8.804539884581782,
    "p4": -1.8477281030465422,
    "p5": -0.16125339128832417
  },
  "pull_KSprob": 0.34760373670961897,
  "pull_ShapiroWilk": 0.9690767245088043,
  "pull_GausMean": 0.20384403402311013,
  "pull_GausMeanErr": 0.14918926898050192,
  "pull_GausSigma": 1.0928157581916844,
  "pull_GausSigmaErr": 0.1665759436056401,
  "pull_chi2": 1.4628236736978721,
  "pull_chi2prob": 0.09770336133996253,
  "hist_Kurtosis": -0.42306928966417345,
  "hist_Kurtosis_err": 0.5026246899500346,
  "hist_Skewness": -0.39999585615346295,
  "hist_Skewness_err": 0.2513123449750173
}