{
  "analytic_chi2": 0.9769620781157515,
  "analytic_npar": 6,
  "analytic_minMass": 405.0,
  "variable": "Mjm",
  "analytic_param": {
    "p0": 9.142095801512098e-14,
    "p1": 7.19097004164837e-08,
    "p2": -32.211939520264195,
    "p3": -12.222824532229666,
    "p4": -2.4454990771633214,
    "p5": -0.2026972902848725
  },
  "pull_KSprob": 0.06148034733236668,
  "pull_ShapiroWilk": 0.9318876157487799,
  "pull_GausMean": 0.38893874154617547,
  "pull_GausMeanErr": 0.13937815057454966,
  "pull_GausSigma": 0.8942239958243866,
  "pull_GausSigmaErr": 0.16244517795715563,
  "pull_chi2": 0.9747686583536495,
  "pull_chi2prob": 0.4702921208318438,
  "hist_Kurtosis": 1.214966547534499,
  "hist_Kurtosis_err": 0.5477225575051661,
  "hist_Skewness": -1.0171823206753925,
  "hist_Skewness_err": 0.27386127875258304
}