{
  "analytic_chi2": 0.9914101794214313,
  "analytic_npar": 6,
  "analytic_minMass": 405.0,
  "variable": "Mjb",
  "analytic_param": {
    "p0": 2.1613975612085723e-22,
    "p1": 1.6586731987899839e-09,
    "p2": -64.35370507826269,
    "p3": -32.06056439126761,
    "p4": -7.625641314100232,
    "p5": -0.6949746948963191
  },
  "pull_KSprob": 0.6736437330283807,
  "pull_ShapiroWilk": 0.9801789623211229,
  "pull_GausMean": 0.16400780364353143,
  "pull_GausMeanErr": 0.13935692157154927,
  "pull_GausSigma": 0.9348682900996922,
  "pull_GausSigmaErr": 0.12342368586519276,
  "pull_chi2": 0.7571987740290372,
  "pull_chi2prob": 0.7170736479800661,
  "hist_Kurtosis": 0.9518484031441896,
  "hist_Kurtosis_err": 0.5694947974514994,
  "hist_Skewness": 0.15216060486673375,
  "hist_Skewness_err": 0.2847473987257497
}