{
  "analytic_chi2": 0.8332792260348308,
  "analytic_npar": 6,
  "analytic_minMass": 405.0,
  "variable": "Mbe",
  "analytic_param": {
    "p0": 7.552862054428836e-19,
    "p1": 8.734124534726107e-09,
    "p2": -59.22807030341107,
    "p3": -31.99806229525507,
    "p4": -8.281146334902825,
    "p5": -0.8210267719251351
  },
  "pull_KSprob": 0.5358725824946998,
  "pull_ShapiroWilk": 0.9778192690986877,
  "pull_GausMean": 0.1170431878531097,
  "pull_GausMeanErr": 0.12516470602773996,
  "pull_GausSigma": 0.9382022553271899,
  "pull_GausSigmaErr": 0.11281332793846555,
  "pull_chi2": 0.9673020864709329,
  "pull_chi2prob": 0.48434136117569937,
  "hist_Kurtosis": -0.4700343513437186,
  "hist_Kurtosis_err": 0.5410017808004594,
  "hist_Skewness": -0.36672501559513176,
  "hist_Skewness_err": 0.2705008904002297
}