,region,p,chi2,Pull_mu,Pull_deltamu,Pull_sigma,Pull_deltasigma,Pull_chi2,Pull_KS,Pull_Shapiro
$\Mjj$,10 pb,6,1.0435662122926639,0.20384403402311013,0.14918926898050192,1.0928157581916844,0.1665759436056401,1.4628236736978721,0.34760373670961897,0.9690767245088043
$\Mjb$,10 pb,6,1.1037345873375677,0.1401691311552375,0.1649505730070438,1.1374657216677742,0.19815739049135395,0.6764707006326895,0.654968801829,0.9877695389802142
$\Mbb$,10 pb,6,0.9540558597686783,0.32887093358483244,0.14997851985113575,0.9632016515381953,0.17371346507640634,1.289735975770202,0.305994546622827,0.9680524781421131
$\Mje$,10 pb,6,1.2890979909080083,0.21022195188571283,0.14445262780460918,1.0685140292100106,0.18631687927458462,0.8671165864525715,0.5639137940246044,0.9856608790091586
$\Mjm$,10 pb,6,0.9769620781157515,0.38893874154617547,0.13937815057454966,0.8942239958243866,0.16244517795715563,0.9747686583536495,0.06148034733236668,0.9318876157487799
$\Mjg$,10 pb,6,0.9154859551603838,0.24217143527676815,0.14900155530098705,0.913814699901376,0.19814445243744777,1.0453939066343323,0.03350212414884494,0.972968915506343
$\Mbe$,10 pb,6,1.0760809748769988,0.2269309665959116,0.14071172156441483,0.994741365008886,0.1464199361172826,0.6069349014016978,0.06473800798482143,0.9655825613715607
$\Mbm$,10 pb,6,1.1322059896482792,0.14774731120232196,0.19644607237206174,1.2570950740706281,0.19428255151221896,0.4783891544825528,0.36555299235310496,0.9792184610693591
$\Mbg$,10 pb,6,1.5809584498097147,1.3682084113033663,1.466293044446223,2.5152349351926286,1.6785374040040058,0.6556542080659175,0.001995391688332211,0.965489528269818
