{
  "analytic_chi2": 1.178262294379381,
  "analytic_npar": 6,
  "analytic_minMass": 405.0,
  "variable": "Mje",
  "analytic_param": {
    "p0": 3.7239532973021565e+22,
    "p1": 52.773571382543906,
    "p2": 45.66195470093709,
    "p3": 18.87288634471731,
    "p4": 3.5134184010231957,
    "p5": 0.24221925959364543
  },
  "pull_KSprob": 0.45544180437492426,
  "pull_ShapiroWilk": 0.9790922592822583,
  "pull_GausMean": 0.15350734564403315,
  "pull_GausMeanErr": 0.1327991183884149,
  "pull_GausSigma": 1.0730845774219502,
  "pull_GausSigmaErr": 0.13659972733769388,
  "pull_chi2": 0.680802827591143,
  "pull_chi2prob": 0.8252388783032016,
  "hist_Kurtosis": 0.6375758219110295,
  "hist_Kurtosis_err": 0.49236596391733095,
  "hist_Skewness": -0.48977021149711963,
  "hist_Skewness_err": 0.24618298195866548
}