{
  "analytic_chi2": 0.7681195745042593,
  "analytic_npar": 6,
  "analytic_minMass": 405.0,
  "variable": "Mjg",
  "analytic_param": {
    "p0": 1.6457585606622457e-07,
    "p1": 4.182321156065427e-07,
    "p2": -16.576429752475804,
    "p3": -4.8004508314705845,
    "p4": -0.7743165180595887,
    "p5": -0.0636306600008468
  },
  "pull_KSprob": 0.7985881652120604,
  "pull_ShapiroWilk": 0.9876720364722836,
  "pull_GausMean": 0.22564911103024127,
  "pull_GausMeanErr": 0.10902518847686896,
  "pull_GausSigma": 0.8715185273244346,
  "pull_GausSigmaErr": 0.11386637693670387,
  "pull_chi2": 1.1044751850902057,
  "pull_chi2prob": 0.3472772199933041,
  "hist_Kurtosis": -0.13339815413515943,
  "hist_Kurtosis_err": 0.5052911526399113,
  "hist_Skewness": -0.24398203551757824,
  "hist_Skewness_err": 0.25264557631995566
}