{
  "analytic_chi2": 1.1322059896482792,
  "analytic_npar": 6,
  "analytic_minMass": 405.0,
  "variable": "Mbm",
  "analytic_param": {
    "p0": 7594695285067798.0,
    "p1": 95.04416422334849,
    "p2": 9.391220185899513,
    "p3": -5.6604504095979,
    "p4": -3.0476865656162193,
    "p5": -0.3692903451525927
  },
  "pull_KSprob": 0.36555299235310496,
  "pull_ShapiroWilk": 0.9792184610693591,
  "pull_GausMean": 0.14774731120232196,
  "pull_GausMeanErr": 0.19644607237206174,
  "pull_GausSigma": 1.2570950740706281,
  "pull_GausSigmaErr": 0.19428255151221896,
  "pull_chi2": 0.4783891544825528,
  "pull_chi2prob": 0.952585348227617,
  "hist_Kurtosis": -0.6269349760183256,
  "hist_Kurtosis_err": 0.5855400437691199,
  "hist_Skewness": -0.26965620107176597,
  "hist_Skewness_err": 0.29277002188455997
}