{
  "analytic_chi2": 0.8335906478203946,
  "analytic_npar": 6,
  "analytic_minMass": 405.0,
  "variable": "Mbe",
  "analytic_param": {
    "p0": 2.154006443746411e-16,
    "p1": 4.215405802199257e-08,
    "p2": -48.67045536248285,
    "p3": -24.766712803766985,
    "p4": -6.128815463206746,
    "p5": -0.5775166915443981
  },
  "pull_KSprob": 0.8822311858466414,
  "pull_ShapiroWilk": 0.9761172370616438,
  "pull_GausMean": 0.05897799843874047,
  "pull_GausMeanErr": 0.13598765067843224,
  "pull_GausSigma": 1.0020118872370247,
  "pull_GausSigmaErr": 0.12031337332852132,
  "pull_chi2": 0.5327950835185646,
  "pull_chi2prob": 0.9059077081069976,
  "hist_Kurtosis": -0.8418319718369749,
  "hist_Kurtosis_err": 0.5410017808004594,
  "hist_Skewness": -0.22267494808380095,
  "hist_Skewness_err": 0.2705008904002297
}