,region,p,chi2,Pull_mu,Pull_deltamu,Pull_sigma,Pull_deltasigma,Pull_chi2,Pull_KS,Pull_Shapiro
$\Mjj$,10 pb,6,0.9544767555693349,0.1664742427038296,0.11463754016621584,0.9369884022464422,0.1063826558449269,0.9563388867552274,0.9746232041529409,0.9850570145984487
$\Mjb$,10 pb,6,1.3976673712978875,0.3262886226592652,0.17434190337242753,1.2997821772249074,0.19294308214712608,0.6438853350044775,0.6147337725267638,0.9890530079623063
$\Mbb$,10 pb,6,0.9509908591696727,0.38554639568126353,0.10946364174328257,0.7711358647279516,0.09631778485501324,0.8695098454448847,0.23661312440795132,0.95807854587351
$\Mje$,10 pb,6,1.1284566719908917,-0.030160390884654158,0.14911910980278337,1.124778582961014,0.14373802264926977,0.8246624876229296,0.615371755604388,0.9834186880979421
$\Mjm$,10 pb,6,0.9789377159253958,0.39926539037709263,0.135440085868058,0.9267588680296904,0.14742438094508198,0.7573818102154243,0.06148034733236668,0.9423931359306204
$\Mjg$,10 pb,6,0.7963704973551149,0.034735746730313745,0.12587779976829863,1.0179383160684776,0.11674109970712943,0.4148053035623623,0.7985881652120601,0.9860117203289189
$\Mbe$,10 pb,6,0.8335906478203946,0.05897799843874047,0.13598765067843224,1.0020118872370247,0.12031337332852132,0.5327950835185646,0.8822311858466414,0.9761172370616438
$\Mbm$,10 pb,6,1.146549607700824,0.1620357400720406,0.20918704239715313,1.29795706976303,0.21513082853065246,0.49255478878412723,0.2306901633073427,0.9793329569447106
$\Mbg$,10 pb,6,0.7574152214235625,0.08199096875575637,0.13175052657445027,0.9057307843029258,0.117747806277688,0.4882514777204622,0.8675624867315315,0.9836666211736379
