{
  "analytic_chi2": 0.7574152214235625,
  "analytic_npar": 6,
  "analytic_minMass": 405.0,
  "variable": "Mbg",
  "analytic_param": {
    "p0": 1.8756402033321898e-20,
    "p1": 9.022060876162641e-08,
    "p2": -59.52976748179414,
    "p3": -30.60225169118811,
    "p4": -7.7202105864851625,
    "p5": -0.7573905110598779
  },
  "pull_KSprob": 0.8675624867315315,
  "pull_ShapiroWilk": 0.9836666211736379,
  "pull_GausMean": 0.08199096875575637,
  "pull_GausMeanErr": 0.13175052657445027,
  "pull_GausSigma": 0.9057307843029258,
  "pull_GausSigmaErr": 0.117747806277688,
  "pull_chi2": 0.4882514777204622,
  "pull_chi2prob": 0.9325961423702468,
  "hist_Kurtosis": -0.40629933509998395,
  "hist_Kurtosis_err": 0.5855400437691199,
  "hist_Skewness": 0.036121768420322234,
  "hist_Skewness_err": 0.29277002188455997
}