{
  "analytic_chi2": 0.7963704973551149,
  "analytic_npar": 6,
  "analytic_minMass": 405.0,
  "variable": "Mjg",
  "analytic_param": {
    "p0": 2.064997903141612e-07,
    "p1": 2.0280410684136996e-06,
    "p2": -16.121568184424248,
    "p3": -4.468297139336023,
    "p4": -0.670139266408198,
    "p5": -0.05131543456407308
  },
  "pull_KSprob": 0.7985881652120601,
  "pull_ShapiroWilk": 0.9860117203289189,
  "pull_GausMean": 0.034735746730313745,
  "pull_GausMeanErr": 0.12587779976829863,
  "pull_GausSigma": 1.0179383160684776,
  "pull_GausSigmaErr": 0.11674109970712943,
  "pull_chi2": 0.4148053035623623,
  "pull_chi2prob": 0.9655074062953396,
  "hist_Kurtosis": -0.34385176396781336,
  "hist_Kurtosis_err": 0.5052911526399113,
  "hist_Skewness": -0.19043163731010262,
  "hist_Skewness_err": 0.25264557631995566
}