{
  "analytic_chi2": 0.9540558597686783,
  "analytic_npar": 6,
  "analytic_minMass": 405.0,
  "variable": "Mbb",
  "analytic_param": {
    "p0": 0.019507786054030564,
    "p1": 42.541240533408576,
    "p2": -18.925363169795233,
    "p3": -12.402871045503936,
    "p4": -3.52004735307704,
    "p5": -0.3517404351413763
  },
  "pull_KSprob": 0.305994546622827,
  "pull_ShapiroWilk": 0.9680524781421131,
  "pull_GausMean": 0.32887093358483244,
  "pull_GausMeanErr": 0.14997851985113575,
  "pull_GausSigma": 0.9632016515381953,
  "pull_GausSigmaErr": 0.17371346507640634,
  "pull_chi2": 1.289735975770202,
  "pull_chi2prob": 0.20422849987751965,
  "hist_Kurtosis": 0.06564031130341963,
  "hist_Kurtosis_err": 0.565685424949238,
  "hist_Skewness": -0.656427185804398,
  "hist_Skewness_err": 0.282842712474619
}