{
  "analytic_chi2": 1.146549607700824,
  "analytic_npar": 6,
  "analytic_minMass": 405.0,
  "variable": "Mbm",
  "analytic_param": {
    "p0": 15082.231371789312,
    "p1": 75.90742800119176,
    "p2": -18.46887582551537,
    "p3": -17.736085159256923,
    "p4": -5.54502431249844,
    "p5": -0.5712795381842817
  },
  "pull_KSprob": 0.2306901633073427,
  "pull_ShapiroWilk": 0.9793329569447106,
  "pull_GausMean": 0.1620357400720406,
  "pull_GausMeanErr": 0.20918704239715313,
  "pull_GausSigma": 1.29795706976303,
  "pull_GausSigmaErr": 0.21513082853065246,
  "pull_chi2": 0.49255478878412723,
  "pull_chi2prob": 0.9459651341765173,
  "hist_Kurtosis": -0.6945713186476095,
  "hist_Kurtosis_err": 0.5855400437691199,
  "hist_Skewness": -0.23336632554112488,
  "hist_Skewness_err": 0.29277002188455997
}