{
  "analytic_chi2": 1.3481553196302432,
  "analytic_npar": 4,
  "analytic_minMass": 405.0,
  "variable": "Mjb",
  "analytic_param": {
    "p0": 0.0042153253766710475,
    "p1": 12.519866625742004,
    "p2": -6.838391241061245,
    "p3": -0.784121825201531
  },
  "pull_KSprob": 0.6147337725267638,
  "pull_ShapiroWilk": 0.9553519977561973,
  "pull_GausMean": 0.22852674456739142,
  "pull_GausMeanErr": 0.13035847599327985,
  "pull_GausSigma": 1.0489399630475957,
  "pull_GausSigmaErr": 0.13365193674606468,
  "pull_chi2": 0.8593016835507574,
  "pull_chi2prob": 0.6296613543310882,
  "hist_Kurtosis": 3.2441484593335588,
  "hist_Kurtosis_err": 0.5107539184552492,
  "hist_Skewness": -0.7281502605989603,
  "hist_Skewness_err": 0.2553769592276246
}