{
  "analytic_chi2": 1.2240047590610954,
  "analytic_npar": 4,
  "analytic_minMass": 405.0,
  "variable": "Mjg",
  "analytic_param": {
    "p0": 0.00015944699499294567,
    "p1": 3.8840097921855055,
    "p2": -8.647765585275138,
    "p3": -1.0829161720621414
  },
  "pull_KSprob": 0.9688767531474275,
  "pull_ShapiroWilk": 0.9935330850425765,
  "pull_GausMean": -0.1512736649330101,
  "pull_GausMeanErr": 0.1347215933104014,
  "pull_GausSigma": 1.0978714723733172,
  "pull_GausSigmaErr": 0.13947253135962173,
  "pull_chi2": 0.6371319766593785,
  "pull_chi2prob": 0.873435250314353,
  "hist_Kurtosis": -0.01242793260423447,
  "hist_Kurtosis_err": 0.5052911526399113,
  "hist_Skewness": 0.011516631335039775,
  "hist_Skewness_err": 0.25264557631995566
}