,region,p,chi2,Pull_mu,Pull_deltamu,Pull_sigma,Pull_deltasigma,Pull_chi2,Pull_KS,Pull_Shapiro
$\Mjj$,20 pb,4,1.2417830622587198,0.37226105144509386,0.15887067017732984,1.061787085639534,0.15689590049805258,0.8148279554807465,0.9621399452801181,0.9588798820319612
$\Mjb$,20 pb,4,1.3481553196302432,0.22852674456739142,0.13035847599327985,1.0489399630475957,0.13365193674606468,0.8593016835507574,0.6147337725267638,0.9553519977561973
$\Mbb$,20 pb,4,1.299993057536215,0.49453024961102926,0.1455447557067468,0.8692089857610311,0.33748944928855457,1.2860499921671273,0.006117225564692206,0.9359708103258423
$\Mje$,20 pb,4,2.641893489806768,0.19580902732083,0.23059498713431487,1.6845892219095429,0.3120429332094129,0.9206869099152284,0.08078691672381311,0.9911162875395454
$\Mjm$,20 pb,4,0.9358270844266928,0.13290506482146153,0.08765812996573169,0.6022633863615349,0.09549752660591437,1.672907481768565,0.8116596409518748,0.9799550780988951
$\Mjg$,20 pb,4,1.2240047590610954,-0.1512736649330101,0.1347215933104014,1.0978714723733172,0.13947253135962173,0.6371319766593785,0.9688767531474275,0.9935330850425765
$\Mbe$,20 pb,4,0.9374587795377091,0.11250232370104786,0.151966461680297,1.0239242402136337,0.16777730073009217,1.1634438276318173,0.8935616815246349,0.9565522075207663
$\Mbm$,20 pb,4,1.1488708028541141,0.3633676425157148,0.225413480229668,1.2205066941239064,0.4224970360790769,1.1904304402926196,0.17934103477386182,0.9813664571860286
$\Mbg$,20 pb,4,0.8602485919938502,0.34031635722409503,0.10632358128390793,0.7065062991137774,0.10828631575402631,0.7961082805435906,0.32309219081661084,0.9484625652679064
