{
  "analytic_chi2": 0.9359723853049827,
  "analytic_npar": 4,
  "analytic_minMass": 405.0,
  "variable": "Mjm",
  "analytic_param": {
    "p0": 0.005849146316528211,
    "p1": 18.173263625006484,
    "p2": -6.274253634565213,
    "p3": -0.6735631791803627
  },
  "pull_KSprob": 0.8116596409518748,
  "pull_ShapiroWilk": 0.9801277608792363,
  "pull_GausMean": 0.13293813947335065,
  "pull_GausMeanErr": 0.08766035311034713,
  "pull_GausSigma": 0.602255025472919,
  "pull_GausSigmaErr": 0.09549239651782598,
  "pull_chi2": 1.67290745428604,
  "pull_chi2prob": 0.044152318168234214,
  "hist_Kurtosis": 0.3044216047423327,
  "hist_Kurtosis_err": 0.5477225575051661,
  "hist_Skewness": -0.44293078167967004,
  "hist_Skewness_err": 0.27386127875258304
}