{
  "analytic_chi2": 0.9358270844266928,
  "analytic_npar": 4,
  "analytic_minMass": 405.0,
  "variable": "Mjm",
  "analytic_param": {
    "p0": 0.005903814801391071,
    "p1": 18.18877458531709,
    "p2": -6.269372919881562,
    "p3": -0.6728836114586443
  },
  "pull_KSprob": 0.8116596409518748,
  "pull_ShapiroWilk": 0.9799550780988951,
  "pull_GausMean": 0.13290506482146153,
  "pull_GausMeanErr": 0.08765812996573169,
  "pull_GausSigma": 0.6022633863615349,
  "pull_GausSigmaErr": 0.09549752660591437,
  "pull_chi2": 1.672907481768565,
  "pull_chi2prob": 0.044152312999626374,
  "hist_Kurtosis": 0.30867286443681863,
  "hist_Kurtosis_err": 0.5477225575051661,
  "hist_Skewness": -0.4461769030371043,
  "hist_Skewness_err": 0.27386127875258304
}