{
  "analytic_chi2": 1.0778225155726682,
  "analytic_npar": 5,
  "analytic_minMass": 405.0,
  "variable": "Mjj",
  "analytic_param": {
    "p0": 4536.748422843012,
    "p1": 17.814584888741216,
    "p2": 6.400522340371893,
    "p3": 3.2885329014042526,
    "p4": 0.4371539605745102
  },
  "pull_KSprob": 0.8073981125084365,
  "pull_ShapiroWilk": 0.9903242152249974,
  "pull_GausMean": -0.05228156121307712,
  "pull_GausMeanErr": 0.1474467360437559,
  "pull_GausSigma": 1.141123352848404,
  "pull_GausSigmaErr": 0.13391891063924577,
  "pull_chi2": 0.3775026901138291,
  "pull_chi2prob": 0.9876571482303824,
  "hist_Kurtosis": -0.5392494638137584,
  "hist_Kurtosis_err": 0.5107539184552492,
  "hist_Skewness": -0.11935090904525839,
  "hist_Skewness_err": 0.2553769592276246
}