{
  "analytic_chi2": 1.1543529625525142,
  "analytic_npar": 5,
  "analytic_minMass": 405.0,
  "variable": "Mjb",
  "analytic_param": {
    "p0": 70381.10548967173,
    "p1": 27.991657893580157,
    "p2": 6.412278215094162,
    "p3": 2.909872343811685,
    "p4": 0.36510969434211826
  },
  "pull_KSprob": 0.7099368476763884,
  "pull_ShapiroWilk": 0.9867879531373529,
  "pull_GausMean": 0.15990798911835347,
  "pull_GausMeanErr": 0.10091944732864949,
  "pull_GausSigma": 0.8058050661149508,
  "pull_GausSigmaErr": 0.14543892123884433,
  "pull_chi2": 1.3098229165051256,
  "pull_chi2prob": 0.1693866217091722,
  "hist_Kurtosis": 0.8138143653944407,
  "hist_Kurtosis_err": 0.5107539184552492,
  "hist_Skewness": -0.35601118601773,
  "hist_Skewness_err": 0.2553769592276246
}