{
  "analytic_chi2": 1.195392203008703,
  "analytic_npar": 5,
  "analytic_minMass": 405.0,
  "variable": "Mjb",
  "analytic_param": {
    "p0": 4319011.985751238,
    "p1": 32.31493891646009,
    "p2": 9.423547675464434,
    "p3": 3.715099605300729,
    "p4": 0.4405529445012069
  },
  "pull_KSprob": 0.4492028987752892,
  "pull_ShapiroWilk": 0.9916120858201014,
  "pull_GausMean": 0.16756991092392523,
  "pull_GausMeanErr": 0.16975494735892718,
  "pull_GausSigma": 1.1946222607281893,
  "pull_GausSigmaErr": 0.21012645358721171,
  "pull_chi2": 1.1418648412868064,
  "pull_chi2prob": 0.3025311284364677,
  "hist_Kurtosis": 0.2006209277978459,
  "hist_Kurtosis_err": 0.5107539184552492,
  "hist_Skewness": -0.218223879998104,
  "hist_Skewness_err": 0.2553769592276246
}