,region,p,chi2,Pull_mu,Pull_deltamu,Pull_sigma,Pull_deltasigma,Pull_chi2,Pull_KS,Pull_Shapiro
$\Mjj$,10 pb,5,0.9784700808768082,0.1366192003420434,0.18074090032768494,1.2460382579808646,0.18374184372518343,1.4374768498976365,0.6002488442176391,0.9696907875615921
$\Mjb$,10 pb,5,1.1543529625525142,0.15990798911835347,0.10091944732864949,0.8058050661149508,0.14543892123884433,1.3098229165051256,0.7099368476763884,0.9867879531373529
$\Mbb$,10 pb,5,0.9430862058869344,0.2538760851862455,0.1279906726230886,0.9029899954148144,0.12850674227133585,0.7058291713935206,0.3939135635158926,0.9633763587112457
$\Mje$,10 pb,5,1.2719125921413978,0.15587695184898936,0.16478311519876174,1.1943197874392775,0.1704655660547748,0.9517096452922184,0.5358725824946998,0.9856376711646327
$\Mjm$,10 pb,5,0.9589183564883378,0.44668882929376386,0.12760743680598569,0.8557629029084236,0.15841963982942242,1.1097045833775807,0.06148034733236655,0.9388462158753752
$\Mjg$,10 pb,5,0.8771544410840644,0.24547192237025678,0.15388312761990305,0.9919052769650863,0.1793424275546569,0.4576012186438416,0.2109599653382738,0.9796250205376081
$\Mbe$,10 pb,5,1.039410833963769,0.1552763908777217,0.15333657054736363,0.9675019396576197,0.19107953050588333,1.0494101282908834,0.12480452912556796,0.9670256154315756
$\Mbm$,10 pb,5,1.1238729093394428,0.5577807394033045,0.43383009188374777,1.55634824172337,0.45268486897698634,0.7566167920292931,0.2306901633073418,0.9756242934684596
$\Mbg$,10 pb,5,1.5446357266044601,1.3678984377928383,1.4652305577242526,2.5146171115036733,1.6775136901146124,0.6556542241294501,0.001995391688332211,0.9656062493172
