{
  "analytic_chi2": 2.0507111807576757,
  "analytic_npar": 5,
  "analytic_minMass": 405.0,
  "variable": "Mjm",
  "analytic_param": {
    "p0": 4.865078361970808e-13,
    "p1": 3.6497471711527396e-08,
    "p2": -20.76681374366062,
    "p3": -4.00225706070141,
    "p4": -0.2595264476355291
  },
  "pull_KSprob": 0.03700533634600273,
  "pull_ShapiroWilk": 0.9897669223494067,
  "pull_GausMean": 0.2565735999189996,
  "pull_GausMeanErr": 0.3650986395302553,
  "pull_GausSigma": 1.9496312383361223,
  "pull_GausSigmaErr": 0.4489348889965957,
  "pull_chi2": 0.6533993667386339,
  "pull_chi2prob": 0.8812666912859525,
  "hist_Kurtosis": -0.34024067899693744,
  "hist_Kurtosis_err": 0.6030226891555273,
  "hist_Skewness": -0.2611392628754834,
  "hist_Skewness_err": 0.30151134457776363
}